mass;intensity;brutto;N_COOH;N_OH_total;N_OH;missing_dmet;missing_dacet
395.1481767763928;1000.0;C23H24O6;0;0;0;;
462.1962449208291;1000.0;C20H33O11N;0;0;0;;
475.1815789792757;1000.0;C21H32O12;0;0;0;;
537.1971930427285;1000.0;C26H34O12;0;0;0;;
583.2319435878412;1000.0;C35H36O8;0;0;0;;
